-- Dump of table users
-- ------------------------------------------------------------

INSERT INTO users (id, email, hash, telegram_id)
VALUES
	(6,'pippo@example.com','2a105VYSE94YdNBPLTcCbJZvO6qRAJ7WqjG7O5eIpvBr49vOSdRNGui', 4324234),
	(7,'tizio@example.com','2a100mPGvHUm1Z2aLkq0wtoVSOOdNCKQj8Nlex6BLuFxdmm7iiW7e6i', 12345678),
	(8,'caio@eample.com','2a10lLnKiqQLEHDn4S4OgTdjUubJMz3wwypv1z7TRjS2ZRWSXo3JHuRy', 12345358367),
	(9,'caio@eample.com','2a10lLnKiqQLEHDn4S4OgTdjUubJMz3wwypv1z7TRjS2ZRWSXo3JHuRy', 90845358367),
	(10,'caio@eample.com','2a10lLnKiqQLEHDn4S4OgTdjUubJMz3wwypv1z7TRjS2ZRWSXo3JHuRy', 1234567),
	(11,'caio@exmple.com','2a10lLnKiqQLEHDn4S4OgTdjUubJMz3wwypv1z7TRjS2ZRWSXo3JHuRy', 564512313),
	(12,'caio@examle.com','2a10lLnKiqQLEHDn4S4OgTdjUubJMz3wwypv1z7TRjS2ZRWSXo3JHuRy', 12347845567);

  -- Dump of table corsi
  -- ------------------------------------------------------------

INSERT INTO corsi (id, nome)
VALUES
	(1,'Laurea in Informatica (vecchio ordinamento)'),
	(2,'Laurea in Biotecnologie Agro-Industriali (vecchio ordinamento)'),
	(3,'Diploma in Informatica (vecchio ordinamento)'),
	(4,'Laurea in Informatica (ordinamento fino all''a.a. 2008/09)'),
	(5,'Laurea in Tecnologie dell''Informazione: Multimedia'),
	(6,'Laurea in Biotecnologie Agro-Industriali (ordinamento fino all''a.a. 2008/09)'),
	(7,'Laurea in Scienze e Tecnologie Viticole ed Enologiche (ordinamento fino all''A.A. 2006/07)'),
	(8,'Laurea specialistica in Informatica'),
	(9,'Laurea specialistica in Sistemi intelligenti e multimediali'),
	(10,'Laurea specialistica in Biotecnologie agro-industriali'),
	(11,'Laurea in Economia e Gestione delle Amministrazioni pubbliche (Classe 17)'),
	(12,'Laurea in Economia e Commercio (Classe 17)'),
	(13,'Laurea in Economia del Commercio internazionale (Classe 17) Vicenza'),
	(14,'Laurea in Economia politica (Classe 28)'),
	(15,'Laurea in Economia e Gestione delle Imprese di Servizi (Classe 17)'),
	(16,'Laurea in Economia aziendale (a esaurimento) Classe 17'),
	(17,'Laurea in Economia dei Mercati e degli Intermediari finanziari (ad esaurimento) Classe 17'),
	(18,'Laurea in Economia e Gestione delle Imprese agroalimentari (Classe 17)'),
	(19,'Laurea in Economia e Amministrazione delle Imprese (a esaurimento) Classe 17'),
	(20,'Corso di Perfezionamento in Enterprise Risk Management'),
	(21,'Master Universitario in Logistica Integrata - Supply Chain Integrated Management (I livello)'),
	(22,'Laurea in Economia bancaria (vecchio ordinamento)'),
	(23,'Laurea in Economia e Commercio (vecchio ordinamento)'),
	(24,'Diploma in Gestione delle Imprese Alimentari (vecchio ordinamento)'),
	(25,'Diploma in Commercio Estero (vecchio ordinamento)'),
	(26,'Laurea specialistica in Economia applicata (a esaurimento) (Classe 64/S)'),
	(27,'Laurea specialistica in Economia della banca e delle assicurazioni (a esaurimento) (Classe 84/S)'),
	(29,'Laurea specialistica in Economia e direzione aziendale (ad esaurimento) (Classe 84/S)'),
	(30,'Laurea specialistica in Economia e legislazione d''impresa (a esaurimento) (Classe 84/S)'),
	(32,'Laurea specialistica in Economia internazionale (a esaurimento) (Classe 64/S)'),
	(33,'Laurea specialistica in Metodi Quantitativi per la Finanza (a esaurimento) (Classe 91/S)'),
	(34,'Laurea specialistica in Marketing e comunicazione (a esaurimento) (Classe 84/S)'),
	(35,'Master Universitario in Private Banking (I livello - III edizione)'),
	(36,'Corso di perfezionamento e aggiornamento professionale in Business Intelligence e Knowledge Management'),
	(37,'Corso di Perfezionamento e di Aggiornamento professionale in Internal Auditing'),
	(38,'Laurea in Scienze del Servizio sociale - ordinamento fino all''a.a. 2007/2008'),
	(39,'Laurea per Esperti nei Processi formativi - ordinamento fino all''a.a. 2007/2008'),
	(40,'Laurea per Educatori professionali'),
	(41,'Laurea specialistica in Scienze pedagogiche'),
	(43,'Laurea specialistica in Progettazione ed attuazione di interventi di servizio sociale ad elevata complessità'),
	(44,'Laurea in Scienze dell''Educazione (quadriennale)'),
	(45,'Laurea in Scienze giuridiche dell''Amministrazione'),
	(46,'Laurea in Scienze giuridiche'),
	(47,'Scuola di Specializzazione per le Professioni Legali'),
	(48,'Perfezionamento e aggiornamento prof. in Diritto degli Enti Locali'),
	(49,'Corso di Perfezionamento e di Aggiornamento professionale in Servizi Giuridici Immobiliari (IV edizione)'),
	(50,'Perfezionamento in Direzione dei Servizi Sanitari'),
	(51,'Master Universitario in Advanced International Legal Studies (II livello - VII edizione, Interateneo)'),
	(52,'Laurea in Giurisprudenza'),
	(53,'Corso di Perfezionamento e di Aggiornamento professionale per Consulenti del Lavoro'),
	(54,'Master Universitario in Responsabilità Sociale di Impresa - F.S.E - A.A  2002/03 (I livello - I Edizione)'),
	(55,'Laurea specialistica in Giurisprudenza'),
	(56,'Perfezionamento in Amministrazione Pubblica'),
	(57,'Laurea in Lettere (ordinamento fino all''A.A. 2007/08)'),
	(58,'Laurea in Scienze dei beni culturali (ordinamento fino all''A.A. 2007/08)'),
	(59,'Laurea in Scienze della comunicazione: editoria e giornalismo - ordinamento fino all''a.a. 2007/2008'),
	(60,'Laurea in Filosofia (ordinamento fino all''A.A. 2007/08)'),
	(61,'Laurea specialistica in Filologia e Letteratura greca e latina'),
	(62,'Laurea specialistica in Filologia e Letteratura moderna e contemporanea - ordinamento fino all''a.a. 2007/2008'),
	(63,'Laurea specialistica in Filosofia - Ordinamento fino all''a.a. 2007/2008'),
	(64,'Laurea specialistica in Geografia: territorio e società'),
	(65,'Laurea specialistica in Storia antica'),
	(66,'Laurea specialistica in Storia della civiltà europea'),
	(67,'Laurea quadriennale in Lingue e letterature straniere (disattivato)'),
	(68,'Laurea in Linguistica e didattica delle lingue straniere - ordinamento fino all''A.A. 2007/2008 (disattivato)'),
	(69,'Laurea in Lingue e letterature straniere - ordinamento fino all''A.A. 2007/2008 (disattivato)'),
	(70,'Laurea in Lingue e culture per il management turistico (disattivato)'),
	(71,'Laurea in Lingue e culture per l''editoria - ordinamento fino all''A.A. 2007/2008 (disattivato)'),
	(72,'Laurea specialistica in Medicina e Chirurgia ord. fino al 2004/2005  (ciclo unico)'),
	(73,'Laurea specialistica in Odontoiatria e Protesi dentaria (ciclo unico)'),
	(74,'Laurea in Infermieristica (Verona) (abilitante alla professione sanitaria di Infermiere)'),
	(75,'Laurea in Infermieristica (Vicenza) (abilitante alla professione sanitaria di Infermiere)'),
	(76,'Laurea in Infermieristica (Trento) (abilitante alla professione sanitaria di Infermiere)'),
	(77,'Laurea in Infermieristica (Bolzano) (abilitante alla professione sanitaria di Infermiere)'),
	(78,'Laurea in Ostetricia (abilitante alla professione sanitaria di Ostetrica/o) (Verona)'),
	(79,'Laurea in Tecniche di Fisiopatologia cardiocircolatoria e perfusione cardiovascolare (abilitante alla professione sanitaria di Tecnico di fisiopatologia cardiocircolatoria e perfusione cardiovascolare) (Verona)'),
	(80,'Laurea in Fisioterapia (abilitante alla professione sanitaria di Fisioterapista) (Rovereto)'),
	(81,'Laurea in Tecnica della Riabilitazione psichiatrica (abilitante alla professione sanitaria di Tecnico della riabilitazione psichiatrica) (Ala di Trento)'),
	(82,'Laurea in Igiene dentale (abilitante alla professione sanitaria di Igienista dentale) (Ala di Trento)'),
	(83,'Laurea in Tecniche Audioprotesiche (abilitante alla professione sanitaria di Audioprotesista) (Verona)'),
	(84,'Laurea in Tecniche di Laboratorio biomedico (abilitante alla professione sanitaria di Tecnico di laboratorio biomedico) (Verona)'),
	(85,'Laurea in Tecniche di Laboratorio biomedico (abilitante alla professione sanitaria di Tecnico di laboratorio biomedico) (Rovereto)'),
	(86,'Laurea in Infermieristica (Legnago) (abilitante alla professione sanitaria di Infermiere)'),
	(87,'Laurea in Medicina e Chirurgia (D.M. 10/07/96)'),
	(88,'Laurea in Fisioterapia (abilitante alla professione sanitaria di Fisioterapista) (Verona)'),
	(89,'Laurea in Odontoiatria e Protesi Dentaria'),
	(90,'Laurea in Tecniche di Radiologia medica, per Immagini e Radioterapia (abilitante alla professione sanitaria di Tecnico di radiologia medica) (Verona)'),
	(91,'Master Universitario in Chirurgia della Mano (II livello)'),
	(93,'Laurea in Tecniche di Radiologia medica, per Immagini e Radioterapia (abilitante alla professione sanitaria di Tecnico di radiologia medica)  (Ala di Trento)'),
	(94,'Laurea in Scienze delle Attività Motorie e Sportive - ordinamento fino all''a.a. 2005/2006'),
	(96,'Master Universitario in Corporate Governance e Responsabilità Sociale di Impresa - A.A. 2003/04 (I livello - II Edizione)'),
	(97,'Laurea Specialistica in Lingue e Letterature Moderne e Comparate - ordinamento fino all''a.a. 2008/09 (disattivato)'),
	(98,'Laurea Specialistica in Linguistica - ordinamento fino all''a.a. 2008/09 (disattivato)'),
	(100,'Master Universitario in Elaborazione informatica di dati biomedici, microrobot e nanotecnologie in medicina (I livello) [FSE]'),
	(101,'Percorso finalizzato al conseguimento della Laurea in Fisioterapia'),
	(102,'Master Universitario in Business Intelligence e Knowledge Management (I livello)'),
	(103,'Master Universitario in Gestione ed innovazione nelle amministrazioni pubbliche (I livello - III edizione - A.A. 2007/08)'),
	(105,'Master Universitario in Progettazione e gestione di sistemi di rete (I livello - IV edizione)'),
	(106,'Corso di Perfezionamento e Aggiornamento Prof. in Servizi Giuridici Immobiliari (avanzato)'),
	(107,'Laurea specialistica in Giurisprudenza per l''amministrazione'),
	(108,'Dottorato in Informatica (ultimo ciclo attivato 28° - anno 2013)'),
	(109,'Dottorato in Linguistica (ultimo ciclo attivato 28° - anno 2013)'),
	(110,'Dottorato in Storia Economica (ultimo ciclo attivato 28° - anno 2013)'),
	(112,'Laurea in Economia e management delle Imprese di Servizi (Classe 17) (ordinamento fino all''a.a. 2008/09)'),
	(113,'Laurea in Economia del Commercio internazionale (classe 28) Vicenza (ordinamento fino all''a.a. 2008/09)'),
	(114,'Laurea in Economia e Commercio (classe 28) (ordinamento fino all''a.a. 2008/09)'),
	(115,'Laurea specialistica in Editoria e comunicazione multimediale - Ordinamento fino all''a.a. 2007/2008'),
	(116,'Laurea specialistica in Giornalismo - Ordinamento fino all''a.a. 2007/2008'),
	(117,'Laurea specialistica in Storia dell''arte - Ordinamento fino all''a.a. 2007/2008'),
	(118,'Laurea specialistica in Scienze delle attività motorie preventive ed adattate'),
	(119,'Laurea in Tecniche della prevenzione nell''ambiente e nei luoghi di lavoro (abilitante alla professione sanitaria di Tecnico della prevenzione nell''ambiente e nei luoghi di lavoro)'),
	(120,'Laurea in Scienze dell''educazione (triennale) - ordinamento fino all''a.a. 2007/2008'),
	(121,'Laurea specialistica in Biotecnologie molecolari e industriali'),
	(122,'Laurea in Logopedia (abilitante alla professione sanitaria di Logopedista)'),
	(123,'Laurea in Fisioterapia (abilitante alla professione sanitaria di Fisioterapista) (Vicenza)'),
	(124,'Laurea specialistica in Scienze infermieristiche ed ostetriche'),
	(125,'Laurea specialistica in Scienze delle professioni sanitarie della riabilitazione'),
	(126,'Master Universitario in Project Management (I livello)'),
	(127,'Master Universitario in Marketing dei Servizi Bancari e Finanziari (I livello - II edizione)'),
	(128,'Master Universitario in Storia e Tecniche dell''Editoria e Antiquariato librario (S.T.Ed.A.L) (I livello - III edizione)'),
	(129,'Master Universitario in Human Resources Management. Sviluppo del capitale umano nelle organizzazioni (I livello)'),
	(130,'Master Universitario in Mediazione Familiare (I livello)'),
	(131,'Master Universitario in Esperto di progettazione e gestione di sistemi per la formazione continua e l’apprendimento nelle organizzazioni e nei sistemi complessi (II livello - II edizione)'),
	(132,'Master Universitario in Tecniche Manageriali per Coordinatori delle Professioni Sanitarie (I livello - polo di Vicenza)'),
	(133,'Master Universitario in Tecniche Manageriali per Coordinatori delle Professioni Sanitarie (I livello - polo di Trento)'),
	(134,'Master Universitario in Epidemiologia Valutativa (II livello - III edizione)'),
	(136,'Master Universitario in Medicina Palliativa (II livello)'),
	(137,'Master Universitario in Sport di Squadra e settore giovanile (I livello - II edizione)'),
	(138,'Finalizzato al conseguimento della Laurea in Tecnico di Laboratorio Biomedico'),
	(139,'Master Universitario in Promozione del Turismo Culturale (I livello - III edizione - A.A. 2005/06) [FSE]'),
	(140,'Master Universitario in Intercultural Competence and Management  - A.A. 2004/05 (I livello) [FSE]'),
	(141,'Master Universitario in Direzione e Sviluppo delle Risorse Umane. Human Resources Management (I livello)'),
	(142,'Master Universitario in Formazione e addestramento professionale  - Training Management (I livello - V edizione) [FSE]'),
	(144,'Laurea in Economia e Amministrazione delle Imprese (classe 17) Vicenza (ordinamento fino all''a.a. 2008/09)'),
	(145,'Laurea in Economia aziendale (classe 17) (ordinamento fino all''a.a. 2008/09)'),
	(146,'Laurea specialistica in Economia applicata'),
	(147,'Laurea specialistica in Economia della Banca e delle assicurazioni'),
	(148,'Laurea specialistica in Economia e legislazione d''impresa (ordinamento fino all''a.a. 2008/09)'),
	(149,'Laurea specialistica in Economia internazionale (Classe 64/S) (ordinamento fino all''a.a. 2008/09)'),
	(150,'Laurea specialistica in Metodi Quantitativi per la Finanza (ordinamento fino all''a.a. 2008/09)'),
	(151,'Laurea specialistica in Marketing e comunicazione (ordinamento fino all''a.a. 2008/09)'),
	(152,'Laurea specialistica in Economia e commercio (Classe 64/s) (ordinamento fino all''a.a. 2008/09)'),
	(153,'Laurea in Scienze delle Attività Motorie e Sportive - ordinamento fino all''a.a. 2002/2003'),
	(154,'Master Universitario in Mediazione culturale (II livello)'),
	(155,'Corso di Perfezionamento in Senologia (IV edizione)'),
	(156,'Master Universitario in Corporate Governance e Responsabilità Sociale di Impresa - A.A. 2005/06 (I livello - IV edizione)'),
	(157,'Dottorato in Diritto Privato Europeo dei Rapporti Patrimoniali (ultimo ciclo attivato 28° - anno 2013)'),
	(158,'Dottorato in Diritto Costituzionale Italiano ed Europeo (ultimo ciclo attivato 28° - anno 2013)'),
	(159,'Dottorato in Diritto ed Economia dell''Impresa. Discipline Interne ed Internazionali (ultimo ciclo attivato 28° - anno 2013)'),
	(160,'Finalizzato al conseguimento della Laurea in Ostetricia'),
	(161,'Dottorato in Scienze Storiche e Antropologiche (ultimo ciclo attivato 28° - anno 2013)'),
	(162,'Dottorato in Beni Culturali e Territorio (ultimo ciclo attivato 28° - anno 2013)'),
	(163,'Dottorato in Sociologia e Ricerca Sociale (ultimo ciclo attivato 28° - anno 2013)'),
	(164,'Master Universitario in Lingue per il commercio internazionale (I livello - II edizione - A.A. 2005/06) [FSE]'),
	(165,'Dottorato in Filosofia (ultimo ciclo attivato 28° - anno 2013)'),
	(166,'Dottorato in Malattie Cronico-Degenerative (confluito nel Dottorato in Scienze Mediche Cliniche e Sperimentali)'),
	(167,'Dottorato in Letteratura e Filologia (ultimo ciclo attivato 28° - anno 2013)'),
	(168,'Master Universitario in EBM for IP for SMEs. - Esperto in economia, amministrazione e gestione dei prcessi di internazionalizzazione per le PMI (I livello - IV edizione) [FSE]'),
	(169,'Master Universitario in Mobbing e Stress Organizzativo (I livello - FSE)'),
	(170,'Dottorato di ricerca in biotecnologie applicate alle scienze biomediche'),
	(171,'Dottorato in Medicina e Scienze Forensi (ultimo ciclo attivato 28° - anno 2013)'),
	(172,'Dottorato in Psicologia delle Organizzazioni: Processi di Differenziazione e Integrazione (ultimo ciclo attivato 28° - anno 2013)'),
	(173,'Master Universitario in Tecniche Manageriali per Coordinatori dell''Assistenza Infermieristica (I livello - polo di Bolzano)'),
	(174,'Dottorato in Scienze dell''Educazione e della Formazione Continua (ultimo ciclo attivato 28° - anno 2013)'),
	(176,'Dottorato in Microbiologia di Base ed Applicata'),
	(177,'Dottorato in Letterature Straniere e Scienze della Letteratura (ultimo ciclo attivato 28° - anno 2013)'),
	(178,'Master Universitario in Esperto in progettazione, gestione e valutazione dei percorsi di educazione alla sicurezza nei luoghi di vita e di lavoro (I livello) [FSE]'),
	(179,'Master Universitario in Urologia Ginecologica (II livello - interateneo)'),
	(180,'Master Universitario in Parodontologia (II livello )'),
	(181,'Dottorato in Economia e Direzione Aziendale (ultimo ciclo attivato 28° - anno 2013)'),
	(182,'Master Universitario in Endodonzia (II livello )'),
	(183,'Master Universitario in Chirurgia Orale e Implantologia (II livello)'),
	(185,'Dottorato in Biologia e Patologia Molecolare e Cellulare (ultimo ciclo attivato 28° - anno 2013)'),
	(186,'Dottorato in Neuroscienze (ultimo ciclo attivato 28° - anno 2013)'),
	(187,'Laurea in Informatica Multimediale (ordinamento fino all''a.a. 2008/09)'),
	(188,'Dottorato in Biotecnologie Agroindustriali'),
	(189,'Dottorato di Ricerca in Genomica applicata per la Salute'),
	(190,'Dottorato in Patologia Oncologica e Cellule Staminali (ultimo ciclo attivato 28° - anno 2013)'),
	(191,'Diploma di specializzazione per il sostegno agli alunni disabili nel ruolo della scuola dell’infanzia o della scuola primaria'),
	(192,'Laurea in Matematica applicata (ordinamento fino all''a.a. 2008/09)'),
	(193,'Laurea in Lingue e culture per il management turistico e il commercio internazionale (disattivato)'),
	(194,'Master Universitario in Nursing Geriatrico (I livello)'),
	(195,'Master Universitario in Modelli e Metodi del Tutorato nei tirocini delle professioni sanitarie e sociali (I livello)'),
	(196,'Master Universitario in Nursing Psichiatrico Avanzato (I livello - II edizione)'),
	(197,'Master Universitario in Nursing avanzato per la sorveglianza epidemiologica e il controllo delle infezioni correlate ai processi assistenziali (ICPA) (I livello)'),
	(198,'Master Universitario in Senologia (II livello - III edizione)'),
	(200,'Laurea Specialistica in Scienze dell''Antichità - Ordinamento fino all''a.a. 2007/2008'),
	(201,'Corso di Pefezionamento in Impresa Vitivinicola e Competizione Internazionale (IVeCI)'),
	(202,'Master Universitario in Progettazione e gestione nei processi di lavorazione del marmo (II livello - interateneo)'),
	(203,'Master Universitario in Scienza e conservazione nei beni culturali. Lo studio del vetro antico e altomedioevale (I livello)'),
	(204,'Master Universitario in Tecniche Geoarcheologiche per la Gestione del Territorio e la Tutela del Patrimonio Culturale (II livello - Interateneo)'),
	(205,'Master Universitario in Pedagogia cognitivo-neuro-motoria (II livello)'),
	(206,'Laurea specialistica in Storia e Geografia dell''Europa - Ordinamento fino all''a.a. 2007/2008'),
	(207,'Corso di Perfezionamento e di Aggiornamento professionale per Consiglieri di Fiducia. Esperte/i in prevenzione e e risoluzione dei casi di molestie sessuali e mobbing nel lavoro pubblico e privato.'),
	(208,'Corso di Perfezionamento in Assistenza Infermieristica in Endoscopia Digestiva e Gastroenterologia'),
	(209,'Corso di Perfezionamento e di Aggiornamento professionale in Terapia occupazionale'),
	(210,'Dottorato in Economia e Finanza (ultimo ciclo attivato 28° - anno 2013)'),
	(211,'Master Universitario in GEOGRAFIA, GOVERNANCE ED ECONOMIA. Strumenti, metodi e Sistemi Informativi Geografici (GIS) per la Gestione del Territorio (I livello - II edizione) [FSE]'),
	(212,'Master Universitario in Scuola di Ingegneria Chimica Ambientale: Trattamenti industriali delle acque e biotecnologie delle risorse rinnovabili (II livello - V edizione, Interateneo)'),
	(213,'Master Universitario in Dentro l''immagine. Nuove metodologie e tecniche scientifiche di diagnostica non invasiva per la conservazione dei dipinti antichi e contemporanei (I livello) [FSE]'),
	(214,'PRORIM  PROfessional RIsk Management'),
	(215,'Master Universitario in Corporate Governance e Responsabilità sociale di impresa - A.A. 2004/05 (I livello - III edizione)'),
	(216,'Laurea Specialistica in Viticoltura, enologia e mercati vitivinicoli'),
	(217,'Laurea in Pedagogia (v.o)'),
	(218,'Laurea in Scienze dell''Educazione (quadriennale ord. DM 17/05/96)'),
	(219,'Dottorato in Proteomica Clinica (ultimo ciclo attivato 28° - anno 2013)'),
	(220,'Dottorato in Scienze Cardiovascolari (ultimo ciclo attivato 28° - anno 2013)'),
	(221,'Master Universitario in Direzione delle Aziende Pubbliche (I livello)'),
	(222,'Servizio Sociale (Diploma universitario)'),
	(223,'Dottorato in Scienze Psicologiche e Psichiatriche (ultimo ciclo attivato 28° - anno 2013)'),
	(224,'Dottorato in Biotecnologie Molecolari, Industriali ed Ambientali (ultimo ciclo attivato 28° - anno 2013)'),
	(225,'Scuola di Specializzazione in Anatomia Patologica (Vecchio ordinamento)'),
	(226,'Scuola di Specializzazione in Anestesia e Rianimazione (Vecchio ordinamento)'),
	(227,'Scuola di Specializzazione in Biochimica Clinica (Vecchio ordinamento)'),
	(228,'Scuola di Specializzazione in Cardiochirurgia (Vecchio Ordinamento)'),
	(229,'Scuola di Specializzazione in Cardiologia (Vecchio ordinamento)'),
	(230,'Scuola di Specializzazione in Chirurgia Generale 1 - Indirizzo in chirurgia generale (Vecchio ordinamento)'),
	(231,'Scuola di Specializzazione in Chirurgia Generale 2 - Indirizzo chirurgia d''urgenza (Vecchio ordinamento)'),
	(232,'Scuola di Specializzazione in Chirurgia Maxillo-Facciale (Vecchio ordinamento)'),
	(234,'Scuola di Specializzazione in Chirurgia Pediatrica (Vecchio ordinamento)'),
	(235,'Scuola di Specializzazione in Chirurgia Toracica (Vecchio ordinamento)'),
	(236,'Scuola di Specializzazione in Chirurgia Vascolare (Vecchio ordinamento)'),
	(237,'Scuola di Specializzazione in Dermatologia e Venereologia (Vecchio ordinamento)'),
	(238,'Finalizzato al conseguimento della laurea in Servizio Sociale'),
	(239,'Scuola di Specializzazione in Ematologia (Vecchio ordinamento)'),
	(240,'Scuola di Specializzazione in Endocrinologia e Malattie del Ricambio (Vecchio ordinamento)'),
	(241,'Scuola di Specializzazione in Gastroenterologia ed endoscopia digestiva (Vecchio ordinamento)'),
	(242,'Scuola di Specializzazione in Genetica Medica (Vecchio ordinamento)'),
	(243,'Scuola di Specializzazione in Geriatria (Vecchio ordinamento)'),
	(244,'Scuola di Specializzazione in Ginecologia ed Ostetricia (Vecchio ordinamento)'),
	(245,'Scuola di Specializzazione in Igiene e Medicina Preventiva (Vecchio ordinamento)'),
	(246,'Scuola di Specializzazione in Malattie Infettive (Vecchio ordinamento)'),
	(247,'Scuola di Specializzazione in Medicina del Lavoro (Vecchio ordinamento)'),
	(248,'Scuola di Specializzazione in Medicina dello Sport (Vecchio ordinamento)'),
	(249,'Scuola di Specializzazione in Medicina Fisica e Riabilitazione (Vecchio ordinamento)'),
	(250,'Scuola di Specializzazione in Medicina Interna (Vecchio ordinamento)'),
	(251,'Scuola di Specializzazione in Medicina Legale (Vecchio ordinamento)'),
	(252,'Scuola di Specializzazione in Microbiologia e Virologia (Vecchio ordinamento)'),
	(253,'Scuola di Specializzazione in Nefrologia (Vecchio ordinamento)'),
	(254,'Scuola di Specializzazione in Neurochirurgia (Vecchio ordinamento)'),
	(255,'Scuola di Specializzazione in Neurologia (Vecchio ordinamento)'),
	(256,'Scuola di Specializzazione in Neuropsichiatria Infantile (Vecchio ordinamento)'),
	(257,'Scuola di Specializzazione in Oftalmologia (Vecchio ordinamento)'),
	(258,'Scuola di Specializzazione in Oncologia (Vecchio ordinamento)'),
	(259,'Scuola di Specializzazione in Ortopedia e Traumatologia (Vecchio ordinamento)'),
	(260,'Scuola di Specializzazione in Otorinolaringoiatria (Vecchio ordinamento)'),
	(261,'Scuola di Specializzazione in Pediatria (Vecchio ordinamento)'),
	(262,'Scuola di Specializzazione in Psichiatria (Vecchio ordinamento)'),
	(263,'Scuola di Specializzazione in Radiodiagnostica (Vecchio ordinamento)'),
	(264,'Scuola di Specializzazione in Reumatologia (Vecchio ordinamento)'),
	(265,'Scuola di Specializzazione in Urologia (Vecchio ordinamento)'),
	(267,'Laurea Specialistica in Economia della banca e dei mercati finanziari (ordinamento fino all''a.a. 2008/09)'),
	(268,'Laurea Specialistica in Lingue per la comunicazione commerciale e la promozione del turismo internazionale - ordinamento fino all''a.a. 2008/09 (disattivato)'),
	(269,'Laurea in Scienze delle attività motorie e sportive - ordinamento fino all''a.a. 2007/2008'),
	(270,'Laurea in Bioinformatica (ordinamento fino all''a.a. 2008/09)'),
	(271,'Laurea in Lingue e culture per il turismo e il commercio internazionale - ordinamento fino all''a.a. 2007/2008 (disattivato)'),
	(272,'Laurea in Scienze dei servizi giuridici per l''amministrazione (ordinamento fino all''a.a. 2008/09)'),
	(273,'Laurea in Scienze dei servizi giuridici per il lavoro (ordinamento fino all''a.a. 2008/09)'),
	(274,'Laurea magistrale a ciclo unico in Giurisprudenza'),
	(275,'Laurea Specialistica in Programmazione e gestione dei servizi formativi'),
	(276,'Laurea specialistica in Medicina e Chirurgia (ciclo unico)'),
	(277,'Master Universitario in Corporate Governance e Responsabilità Sociale di Impresa (I livello - V edizione)'),
	(278,'Master Universitario in International Master of Business Administration (II livello)'),
	(279,'Master Universitario in Direttore di Produzione nell''Audiovisivo e nella Comunicazione Multimediale (II livello)'),
	(280,'Master Universitario in Ecografia Urologica ed Andrologica (II livello)'),
	(281,'Master Universitario in Gestione del rischio e sicurezza del paziente - Risk management and patient safety (II livello)'),
	(282,'Master Universitario in Stomatologia e Implantologia (II livello)'),
	(283,'Master Universitario in Comunicazione Interculturale e Gestione dei Conflitti (Intercultural Competence and Management) (I livello) - con formazione a distanza'),
	(284,'Corso di perfezionamento per Conduttori/Conduttrici di corsi di acquaticità e benessere in gravidanza'),
	(285,'Corso di perfezionamento in Metodologie didattiche attive per l''apprendimento delle competenze pratiche nella formazione delle ostetriche'),
	(286,'Master Universitario in Progettazione Multimediale e Video (I livello - II edizione)'),
	(287,'Corso di Perfezionamento e di Aggiornamento professionale per Amministratori di Condominio (II edizione)'),
	(288,'Laurea in Filosofia (vecchio ordinamento)'),
	(289,'Laurea in Lettere (vecchio ordinamento)'),
	(290,'Dottorato in Anglofonia (ultimo ciclo attivato 28° - anno 2013)'),
	(291,'Dottorato in Bioscienze (ultimo ciclo attivato 28° - anno 2013)'),
	(292,'Dottorato in Scienze Mediche Cliniche e Sperimentali (ultimo ciclo attivato 28° - anno 2013)'),
	(293,'Dottorato in Biomedicina Traslazionale (ultimo ciclo attivato 28° - anno 2013)'),
	(294,'Dottorato in Scienze dell''Esercizio Fisico e del Movimento Umano (ultimo ciclo attivato 28° - anno 2013)'),
	(295,'Dottorato in Imaging Multimodale in Biomedicina (ultimo ciclo attivato 28° - anno 2013)'),
	(296,'Dottorato in Scienze Chirurgiche e delle Malattie Epatobiliari e Pancreatiche (ultimo ciclo attivato 28° - anno 2013)'),
	(297,'Dottorato in Biotecnologie Applicate (ultimo ciclo attivato 28° - anno 2013)'),
	(298,'Master Universitario in Economia e Finanza  Esperto in Ricerche e Analisi Economico-Finanziarie (II livello - II edizione)'),
	(299,'Master Universitario in Coordinatori delle Professioni Sanitarie (I livello)'),
	(300,'Master Universitario in Management del diabete e delle turbe metaboliche correlate in età evolutiva (II livello - interateneo)'),
	(301,'Laurea in Materie letterarie'),
	(302,'Corso di Perfezionamento per Magistrati in metodologie valutative e decisionali nella separazione coniugale'),
	(303,'doping No grazie'),
	(304,'Più Sport a Scuola'),
	(305,'Master Universitario in Archiviare il futuro: Organizzazione e Gestione dei Documenti Cartacei e Digitali delle Amministrazioni Pubbliche (I livello) [FSE]'),
	(306,'Master Universitario in Mediazione Linguistica per la Qualità dei Servizi al Pubblico (I livello) [FSE]'),
	(307,'Master Universitario in Mediazione e comunicazione interculturale nelle organizzazioni e nelle relazioni internazionali (I livello) [FSE]'),
	(308,'Laurea in Scienze dei servizi giuridici per operatori giudiziari'),
	(309,'Laurea in Scienze e Tecnologie Viticole ed Enologiche (ordinamento fino all''a.a. 2008/09)'),
	(310,'Laurea specialistica in Scienze e tecniche dello sport'),
	(311,'Master Universitario in Internal Auditing (I livello)'),
	(313,'Master Universitario in Lobbying ed Europrogettazione (I livello)'),
	(314,'Master Universitario in Antropologia e Bibbia - Percorsi interdisciplinari e multiculturali in relazione al codice simbolico delle Scritture ebraico-cristiane (II livello)'),
	(315,'Master Universitario in Editoria e Management del libro (I livello)'),
	(316,'Master Universitario in Front Office nei servizi: competenze linguistiche e relazionali (I livello) [FSE]'),
	(317,'Master Universitario in Intelligenza Manageriale (II livello)'),
	(318,'Master Universitario in Infermieristica di Area Critica (I livello)'),
	(319,'Master Universitario in Management per funzioni di coordinamento delle Professioni Sanitarie  - Sede di Bolzano ( I livello)'),
	(320,'Master Universitario in Management per funzioni di coordinamento delle professioni sanitarie (I livello) - Sede di Trento'),
	(321,'Master Universitario in Nursing avanzato nella gestione della complessità in età geriatrica (I livello)'),
	(322,'Master Universitario in Intercultural Competence and Management - Comunicazione e mediazione interculturale. Gestione dei conflitti in ambito aziendale, educativo, sanitario, sociale e dei mass media (I livello)'),
	(323,'Corso di Perfezionamento e di Aggiornamento professionale sul Nuovo Diritto Fallimentare'),
	(324,'Corso di Perfezionamento per Avvocati della Famiglia'),
	(325,'Corso di Perfezionamento in Organizzazione, gestione e qualità dei percorsi assistenziali integrati.'),
	(326,'Corso di Perfezionamento in Traumatologia delle articolazioni arto superiore ed inferiore'),
	(327,'Corso di Perfezionamento in Traumatologia dentale'),
	(328,'Corso di Perfezionamento e di Aggiornamento Professionale in Scuola di Ingegneria Chimica Ambientale: Trattamenti industriali delle acque e biotecnologie delle risorse rinnovabili (II edizione - Interateneo)'),
	(329,'Corso di Perfezionamento e di Aggiornamento in Comunicare lo Sport'),
	(330,'Corso di Perfezionamento e di Aggiornamento Professionale in Valutazione e prescrizione dell''esercizio fisico'),
	(331,'Erasmus Mundus - European Master in Sustainable Regional Health Systems'),
	(332,'Corso di Perfezionamento in Retail management'),
	(333,'Master Universitario in Chirurgia vertebrale (II livello)'),
	(334,'Master Universitario in Direzione Aziende Pubbliche (II livello)'),
	(335,'Master Universitario in Management di organizzazioni di rappresentanza per l''artigianato e le piccole imprese (I livello)'),
	(336,'Master Universitario in Gestione della qualità, del rischio clinico e della sicurezza del paziente (I livello)'),
	(337,'Master Universitario in Management per funzioni di coordinamento delle professioni sanitarie (I livello - Sede Verona)'),
	(338,'Laurea in Lettere'),
	(339,'Laurea in Filosofia'),
	(340,'Laurea in Beni culturali'),
	(341,'Laurea in Scienze delle attività motorie e sportive - ordinamento dall''a.a. 2008/2009'),
	(342,'Master Universitario in Management per funzioni di coordinamento delle professioni sanitarie (I livello - Sede di Vicenza)'),
	(343,'Laurea in Lingue e culture per il turismo e il commercio internazionale'),
	(344,'Master Universitario in Azioni Sanitarie, Educative, Sociali - MIASES (I livello - internazionale)'),
	(345,'Master Universitario in Educatore esperto per le disabilità sensoriali e multifunzionali (I livello - con formazione a distanza)'),
	(346,'Master Universitario in Illustazione per l''infanzia ed educazione estetica: per una pedagogia della lettura iconica (I livello - interateneo)'),
	(347,'Master Universitario in Manager per l''innovazione (II livello)'),
	(348,'Master Universitario in Aggiornamento in matematica dei docenti delle scuole secondarie (II livello)'),
	(349,'Master Universitario in Ingegneria chimica della depurazione delle acque e delle energie rinnovabili (II livello - interateneo)'),
	(350,'Laurea in Lingue e culture per l''editoria'),
	(351,'Laurea in Lingue e letterature straniere'),
	(352,'Corso di perfezionamento e aggiornamento professionale in Packaging e comunicazione del vino'),
	(353,'Corso di perfezionamento in Diritti umani e Pubblici poteri. La tutela non giurisdizionale dei diritti delle persone nei confronti della Pubblica Amministrazione.'),
	(354,'Corso di perfezionamento e aggiornamento professionale in Attività motorie di gruppo su base musicale. Step, Aerobica e tonificazione.'),
	(355,'Corso di perfezionamento in Corpo e movimento: attività motoria per l''infanzia.'),
	(356,'Laurea in Scienze della comunicazione'),
	(357,'Master Universiario in Metodi e Tecniche di prevenzione e controllo ambientale (interateneo)'),
	(358,'Corso di perfezionamento e Aggiornamento professionale in Finanza Pubblica'),
	(359,'Laurea in Scienze del servizio sociale'),
	(360,'Laurea in Scienze dell''educazione'),
	(361,'Laurea in Scienze della formazione nelle organizzazioni'),
	(363,'Laurea magistrale in Tradizione e interpretazione dei testi letterari'),
	(364,'Laurea magistrale in Scienze filosofiche'),
	(365,'Laurea magistrale in Storia e geografia dell''Europa'),
	(367,'Laurea magistrale in Discipline artistiche e archeologiche'),
	(368,'Laurea magistrale in Editoria e giornalismo'),
	(369,'Master Universitario in Metodi e Tecniche di prevenzione e controllo ambientale (II livello - interateneo)'),
	(370,'Laurea in Scienze della Formazione Primaria di Padova - Sezione di Verona'),
	(371,'Scuola di specializzazione in Chirurgia generale'),
	(372,'Scuola di specializzazione in Chirurgia plastica e ricostruttiva (Vecchio ordinamento)'),
	(373,'Scuola di specializzazione in Medicina d''emergenza-urgenza'),
	(374,'Corso di perfezionamento in La psicoterapia cognitivo-comportamentale negli esordi psicotici. (a.a. 2008-2009)'),
	(375,'Laurea in Economia Aziendale (Verona)'),
	(376,'Laurea in Economia e Commercio (Verona)'),
	(377,'Laurea in Economia Aziendale (Vicenza)'),
	(378,'Laurea in Economia e Commercio (Vicenza)'),
	(379,'Laurea magistrale in Economia delle Imprese e dei Mercati Internazionali'),
	(380,'Laurea magistrale in Economics'),
	(381,'Laurea magistrale in Direzione Aziendale'),
	(382,'Laurea magistrale in Economia e legislazione d''impresa'),
	(383,'Laurea magistrale in Marketing e comunicazione d''impresa'),
	(384,'Laurea magistrale in Banca e finanza'),
	(385,'Laurea in Biotecnologie'),
	(386,'Laurea in Scienze e tecnologie viticole ed enologiche'),
	(388,'Laurea magistrale in Biotecnologie agro-alimentari'),
	(389,'Laurea magistrale in Matematica'),
	(390,'Laurea in Scienze dei servizi giuridici'),
	(391,'Laurea magistrale in Lingue e letterature comparate europee ed extraeuropee'),
	(392,'Laurea magistrale in Lingue per la comunicazione turistica e commerciale'),
	(394,'Laurea magistrale in Linguistica'),
	(395,'Laurea magistrale a ciclo unico in Medicina e chirurgia'),
	(396,'Laurea magistrale a ciclo unico in Odontoiatria e protesi dentaria'),
	(397,'Master Universitario in Gestione e innovazione nelle Aziende pubbliche (I livello)'),
	(398,'Master Universitario in Organizzazione e Gestione di Eventi - Teatro musicali (GEM) (I livello)'),
	(399,'Master Universitario in Infermieristica di Emergenza ed Urgenza sanitaria (I livello)'),
	(400,'Master Universitario in Neuroscienze per le professioni sanitarie. Sviluppo di competenze avanzate nella gestione del paziente mieloleso e con grave cerebro lesione acquisita. (I livello)'),
	(401,'Master Universitario in Epilettologia (II livello - interateneo Università di Ferrara)'),
	(402,'Master Universitario in Endodonzia clinica e Chirurgia endodontica (II livello)'),
	(403,'Master Universitario in Agente per il turismo responsabile nei sistemi locali sostenibili (I livello)'),
	(404,'Master Universitario in Modelli per la valutazione e la prevenzione del disagio minorile e per il sostegno delle genitorialità (I livello)'),
	(405,'Master Universitario in Psicomotricità (I livello - internazionale - biennale)'),
	(406,'Master Universitario in Computer game development (I livello)'),
	(407,'Master Universitario in Attività motoria e sportiva per il benessere (I livello)'),
	(408,'Corso di perfezionamento in Competenze infermieristiche avanzate nella gestione di percorsi assistenziali per pazienti complessi di area medica.'),
	(409,'Corso di perfezionamento in Ecocardiografia in anestesia e terapia intensiva'),
	(410,'Corso di perfezionamento in Terapia occupazionale nel paziente con grave cerebrolesione acquisita'),
	(411,'Corso di perfezionamento in Case management del Paziente con Ictus'),
	(412,'Corso di perfezionamento in Gestione dei conflitti in ambito scolastico'),
	(413,'Corso di perfezionamento in attività motorie di gruppo con la musica'),
	(414,'Corso di perfezionamento e aggiornamento professionale Attività motorie e sportive per giovani con disabilità'),
	(415,'Corso di perfezionamento e aggiornamento professionale in Progettazione e conduzione di attività motorie e sportive in montagna e in ambienti naturali'),
	(416,'Corso di perfezionamento e aggiornamento professionale in Valutazione, prescrizione e somministrazione dell''esercizio fisico'),
	(417,'Laurea magistrale in Ingegneria e scienze informatiche'),
	(418,'Laurea in Matematica Applicata'),
	(419,'Laurea in Bioinformatica'),
	(420,'Laurea in Informatica'),
	(421,'Scuola di Specializzazione in Anatomia patologica'),
	(422,'Scuola di Specializzazione in Anestesia rianimazione e terapia intensiva'),
	(423,'Scuola di Specializzazione in Malattie Infettive'),
	(424,'Scuola di Specializzazione in Medicina del Lavoro'),
	(425,'Scuola di Specializzazione in Medicina dello Sport'),
	(426,'Scuola di Specializzazione in Cardiochirurgia'),
	(427,'Scuola di Specializzazione in Chirurgia Maxillo-Facciale'),
	(428,'Scuola di Specializzazione in Chirurgia Vascolare'),
	(429,'Scuola di Specializzazione in Dermatologia e Venereologia'),
	(430,'Scuola di Specializzazione in Ematologia'),
	(431,'Scuola di Specializzazione in Endocrinologia e Malattie del Metabolismo'),
	(432,'Scuola di Specializzazione in Gastroenterologia'),
	(433,'Scuola di Specializzazione in Geriatria'),
	(434,'Scuola di Specializzazione in Ginecologia ed Ostetricia'),
	(435,'Scuola di Specializzazione in Igiene e Medicina Preventiva'),
	(436,'Scuola di Specializzazione in Malattie dell''apparato cardiovascolare'),
	(437,'Scuola di Specializzazione in Medicina Fisica e Riabilitativa'),
	(438,'Scuola di Specializzazione in Medicina Interna'),
	(439,'Scuola di Specializzazione in Medicina Legale'),
	(440,'Scuola di Specializzazione in Nefrologia'),
	(441,'Scuola di Specializzazione in Neurochirurgia'),
	(442,'Scuola di Specializzazione in Neurologia'),
	(443,'Scuola di Specializzazione in Neuropsichiatria Infantile'),
	(444,'Scuola di Specializzazione in Oftalmologia'),
	(445,'Scuola di Specializzazione in Oncologia medica'),
	(446,'Scuola di Specializzazione in Ortopedia e Traumatologia'),
	(447,'Scuola di Specializzazione in Otorinolaringoiatria'),
	(448,'Scuola di Specializzazione in Pediatria'),
	(449,'Scuola di Specializzazione in Psichiatria'),
	(450,'Scuola di Specializzazione in Radiodiagnostica'),
	(451,'Scuola di Specializzazione in Reumatologia'),
	(452,'Scuola di Specializzazione in Urologia'),
	(453,'Scuola di Specializzazione in Biochimica Clinica'),
	(454,'Scuola di Specializzazione in Chirurgia Pediatrica'),
	(455,'Scuola di specializzazione in Chirurgia plastica, ricostruttiva ed estetica'),
	(456,'Scuola di Specializzazione in Chirurgia Toracica'),
	(457,'Scuola di Specializzazione in Genetica Medica'),
	(458,'Scuola di Specializzazione in Microbiologia e Virologia'),
	(459,'Master Universitario in Management di associazioni imprenditoriali (I Livello)'),
	(460,'Dottorato in Nanotecnologie e nanomateriali per applicazioni bio-mediche(ultimo ciclo attivato 28° - anno 2013)'),
	(461,'Percorso finalizzato al conseguimento della laurea in Tecniche della prevenzione nell''ambiente e nei luoghi di lavoro'),
	(462,'Percorso finalizzato al conseguimento della laurea in Infermieristica'),
	(463,'Corso di Perfezionamento in Organizzazione delle attività motorie per l’infanzia'),
	(464,'Corso di perfezionamento e di aggiornamento professionale in Contratti e appalti nelle aziende pubbliche. (L''azienda pubblica come acquirente di beni e servizi). Profilo giuridico-organizzativo dell''attività contrattuale della P.A.'),
	(465,'Corso di perfezionamento e di aggiornamento professionale in Gestione e Fiscalità delle aziende Non profit. (Non profit - Direzione e Fiscalità delle Onlus)'),
	(466,'Corso di perfezionamento e di aggiornamento professionale in Discipline doganali. \"Customs&Excise\"'),
	(467,'Master Universitario Nazionale per la Dirigenza degli Istituti Scolastici (MUNDIS) (II livello)'),
	(468,'Corso di perfezionamento avanzato in Implementazione e Valutazione di interventi innovativi per i pazienti all''esordio psicotico ed i loro familiari nei Dipartimenti di Salute mentale'),
	(469,'Laurea magistrale in Scienze infermieristiche e ostetriche'),
	(470,'Laurea magistrale in Scienze riabilitative delle professioni sanitarie'),
	(471,'Laurea in Infermieristica (Verona) (abilitante alla professione sanitaria di Infermiere) D.M. 270/04'),
	(472,'Laurea in Infermieristica (Vicenza) (abilitante alla professione sanitaria di Infermiere) D.M. 270/04'),
	(473,'Laurea in Infermieristica (Legnago) (abilitante alla professione sanitaria di Infermiere) D.M. 270/04'),
	(474,'Laurea in Infermieristica (Trento) (abilitante alla professione sanitaria di Infermiere) D.M. 270/04'),
	(475,'Laurea in Infermieristica (Bolzano) (abilitante alla professione sanitaria di Infermiere) D.M. 270/04'),
	(476,'Laurea in Ostetricia (abilitante alla professione sanitaria di Ostetrica/o) D.M. 270/04'),
	(477,'Laurea in Fisioterapia (Verona) (abilitante alla professione sanitaria di Fisioterapista) D.M. 270/04'),
	(478,'Laurea in Fisioterapia (Vicenza) (abilitante alla professione sanitaria di Fisioterapista) D.M. 270/04'),
	(479,'Laurea in Fisioterapia (Rovereto) (abilitante alla professione sanitaria di Fisioterapista) D.M. 270/04'),
	(480,'Laurea in Logopedia (abilitante alla professione sanitaria di Logopedista) D.M. 270/04'),
	(481,'Laurea in Tecnica della riabilitazione psichiatrica (Ala) (abilitante alla professione sanitaria di Tecnico della riabilitazione psichiatrica) D.M. 270/04'),
	(482,'Laurea in Igiene dentale (Ala) (abilitante alla professione sanitaria di Igienista dentale) D.M. 270/04'),
	(483,'Laurea in Tecniche di fisiopatologia cardiocircolatoria e perfusione cardiovascolare (abilitante alla professione sanitaria di Tecnico di fisiopatologia cardiocircolatoria e perfusione cardiovascolare) D.M. 270/04'),
	(484,'Laurea in Tecniche di laboratorio biomedico (Verona) (abilitante alla professione sanitaria di Tecnico di laboratorio biomedico) D.M. 270/04'),
	(485,'Laurea in Tecniche di laboratorio biomedico (Rovereto) (abilitante alla professione sanitaria di Tecnico di laboratorio biomedico) D.M. 270/04'),
	(486,'Laurea in Tecniche di radiologia medica, per immagini e radioterapia (Verona) (abilitante alla professione sanitaria di Tecnico di radiologia medica) D.M. 270/04'),
	(487,'Laurea in Tecniche di radiologia medica, per immagini e radioterapia (Ala) (abilitante alla professione sanitaria di Tecnico di radiologia medica) D.M. 270/04'),
	(488,'Laurea in Tecniche della prevenzione nell''ambiente e nei luoghi di lavoro (abilitante alla professione sanitaria di Tecnico della prevenzione nell''ambiente e nei luoghi di lavoro) D.M. 270/04'),
	(489,'Laurea magistrale in Bioinformatica e biotecnologie mediche'),
	(490,'Laurea magistrale in Scienze pedagogiche'),
	(491,'Laurea magistrale in Servizio sociale e politiche sociali'),
	(492,'Laurea magistrale in Formazione e sviluppo delle risorse umane'),
	(493,'Laurea magistrale in Scienze motorie preventive ed adattate'),
	(494,'Master Universitario in Internal Auditing & Compliance (I livello)'),
	(495,'Master Universitario in Drammaturgia musicale (I livello)'),
	(496,'Master Universitario in Filosofia come via di trasformazione (II livello)'),
	(497,'Master Univeritario in Scienze e Tecniche dello spettacolo. Gestione del Teatro musicale (I livello - interateneo)'),
	(498,'Master Universitario in Management per funzioni di coordinamento delle professioni sanitarie (I livello - Sede Vicenza)'),
	(499,'Master Universitario in Telemonitoraggio del portatore di defibrillatore impiantabile, pacemaker e altri dispositivi di controllo (I Livello)'),
	(500,'Master Universitario in Chirurgia epato pancreatico biliare (II livello)'),
	(501,'Master Universitario in Chirurgia tropicale e delle emergenze umanitarie (II Livello)'),
	(502,'Master Universitario in Farmacovigilanza e discipline regolatorie del farmaco (I Livello)'),
	(503,'Master Universitario in Gestione multidimensionale della persona con diabete (II Livello)'),
	(504,'Master Universitario in Progettazione e Sviluppo di Sistemi evoluti (II Livello)'),
	(505,'Master Universitario in Antropologia e Bibbia. Il corpo delle Scritture (I livello - Biennale - Interfacoltà con Facoltà di Lettere e Filosofia)'),
	(506,'Master in Intercultural Competence and Management - Comunicazione, Gestione dei conflitti e Mediazione interculturale in ambito aziendale, educativo, sociosanitario, giuridico, dei mass media e per l''italiano L2 (I livello - on line)'),
	(507,'Master Universitario in Manager dell''impresa sociale per l''innovazione sociale e lo sviluppo locale (II livello - Interateneo con l''Università di Eafit-Colombia)'),
	(508,'Corso di Perfezionamento e di Aggiornamento Professionale in Compliance Management (sede di Vicenza)'),
	(509,'Corso di perfezionamento e di aggiornamento Professionale in Gestione e amministrazione delle imprese di assicurazione G.A.I.A.'),
	(510,'Corso di Perfezionamento e di Aggiornamento Professionale in Operazioni con l''estero e processi di internazionalizzazione per le PMI (sede di Vicenza)'),
	(511,'Corso di Perfezionamento e di Aggiornamento Professionale in Strumenti di Valutazione delle Performance per il Governo Aziendale (sede di Vicenza)'),
	(512,'Corso di Perfezionamento in Risk Management - Gestione del rischio, Sicurezza e Controllo'),
	(513,'Corso biennale di preparazione alla professione di Dottore commercialista e alla funzione di Revisore contabile (a.a. 2010-2012)'),
	(514,'Corso di Perfezionamento e di Aggiornamento Professionale in Consulenza del lavoro - La mobilità del lavoro'),
	(515,'Corso di perfezionamento e di aggiornamento Professionale in Consulenza del lavoro - Aggiornamenti recenti in materia di lavoro'),
	(516,'Corso di Perfezionamento integrato in Ecocardiografia e Monitoraggio emodinamico in anestesia e terapia intensiva'),
	(517,'Corso di Perfezionamento in Progettazione e gestione dell''assistenza primaria nella comunità territoriale. (Progettare la complessità oltre la dicotomia Ospedale-Territorio)'),
	(518,'Corso di Perfezionamento e di Aggiornamento professionale in Corpo e movimento: attività motoria per l''infanzia 0-6 anni'),
	(519,'Corso di Perfezionamento e di Aggiornamento professionale in Organizzazione delle attività motorie per l’infanzia 0-6 anni'),
	(520,'Corso di Perfezionamento e di Aggiornamento professionale in Progettazione e Conduzione di attività motorie e sportive in montagna e in ambiente naturale'),
	(521,'Corso di Perfezionamento e di Aggiornamento Professionale in Valutazione, Prescrizione e Somministrazione dell''esercizio fisico per la salute'),
	(522,'Corso di Perfezionamento in Alfabetizzazione motoria e Scuola-Sport per la Scuola primaria'),
	(523,'Laurea magistrale interateneo in Viticoltura, enologia e mercati vitivinicoli'),
	(524,'Master Universitario in Teoria e tecniche della preparazione atletica nel calcio (I livello - Interateneo: sede amm. Pisa)'),
	(525,'Dottorato di ricerca in Diritto pubblico e tributario nella dimensione europea'),
	(526,'Corso di Dottorato in Diritto Tributario'),
	(527,'Corso di perfezionamento e di aggiornamento professionale in Gestione delle Imprese familiari'),
	(528,'Dottorato di ricerca in diritto commerciale \"Giuseppe Auletta\"'),
	(529,'Corso di dottorato in Scienze penalistiche'),
	(530,'Master Universitario in Management della cultura digitale. Editoria, archivi e biblioteche nell’era del 2.0 (I livello)'),
	(531,'Master Universitario in Management per funzioni avanzate di coordinamento di dipartimenti ed aree organizzative complesse – Riservato a coordinatori delle professioni sanitarie (I livello)'),
	(532,'Master Universitario in Metodologie tutoriali e di coordinamento dell’insegnamento clinico nelle professioni sanitarie e sociali (I livello)'),
	(533,'Master Universitario in Tecniche di ecocardiografia transtoracica (I livello)'),
	(534,'Master Universitario di Alta formazione e qualificazione in Cure palliative per medici specialisti (Biennale - II livello)'),
	(535,'Master Universitario in Consulenza formativa nei servizi educativi (I livello)'),
	(536,'Master Universitario in Formazione per lo sviluppo professionale dei docenti  (I livello)'),
	(537,'Master Universitario in Progettazione e conduzione dell’esercizio fisico nelle patologie esercizio-sensibili (II livello)'),
	(538,'Laurea magistrale in Scienze dello sport e della prestazione fisica'),
	(539,'Corso di Perfezionamento e di Aggiornamento professionale in Tecniche di comunicazione aziendale'),
	(540,'Corso di Perfezionamento e di Aggiornamento professionale in Risk management - Gestione del rischio, sicurezza e controllo'),
	(541,'Corso di perfezionamento e di aggiornamento professionale in Consiglieri di Fiducia \"Esperti/e in tecniche di prevenzione e risoluzione dei casi di molestie sessuali, del mobbing e stress lavoro correlato nel lavoro pubblico e privato'),
	(542,'Corso di Perfezionamento e di Aggiornamento professionale in Diritto dell''informatica e della rete'),
	(543,'Corso di Perfezionamento e Aggiornamento professionale in Gli appalti delle pubbliche amministrazioni. Il codice dei contratti e il regolamento di esecuzione nell''attività e nel processo'),
	(544,'Corso di perfezionamento in Traduzione letteraria per l''editoria e per il teatro'),
	(545,'Corso di Perfezionamento in Terapia occupazionale nell''età evolutiva'),
	(546,'Corso di perfezionamento in Tabagismo, fumo di sigaretta e problemi correlati: intervento terapeutico e controllo'),
	(547,'Master Universitario in Farmacovigilanza e Discipline regolatorie del farmaco (II Livello)'),
	(548,'Master Universitario in Chirurgia pancreatico biliare (II livello)'),
	(549,'Master in Intercultural competence and management - Comunicazione, gestione dei conflitti e mediazione interculturale in ambito aziendale, educativo, sociosanitario, giuridico e per l''italiano L2 (I livello - on line)'),
	(550,'Laurea magistrale in Discipline artistiche'),
	(551,'Laurea magistrale interateneo a ciclo unico in Scienze della formazione primaria di Padova - Sede di Verona'),
	(552,'Corso di Perfezionamento e di Aggiornamento professionale in operazioni con l''estero e processi di internazionalizzazione dell''impresa'),
	(553,'Master Universitario in Didattica e Psicopedagogia per i disturbi specifici dell''apprendimento - DSA (I livello)'),
	(554,'TFA A017 - Discipline economico-aziendali (II grado)'),
	(555,'TFA A019 - Discipline giuridiche ed economiche (II grado)'),
	(556,'TFA A029 - Educazione fisica negli istituti e scuole di istruzione secondaria (II grado)'),
	(557,'TFA A042 - Informatica (II grado)'),
	(558,'TFA A052 - Materie letterarie, latino e greco nel liceo classico (II grado)'),
	(559,'TFA A245 - Lingua straniera: francese (I grado)'),
	(560,'TFA A345 - Lingua straniera: inglese (I grado)'),
	(561,'TFA A445 - Lingua straniera: spagnolo (I grado)'),
	(562,'TFA A545 - Lingua straniera: tedesco (I grado)'),
	(563,'Laurea magistrale interateneo in Scienze storiche'),
	(564,'Master Universitario in Logistica Integrata e Supply Chain Management (I livello)'),
	(565,'Master Universitario in Storia della città: documenti, normativa, rappresentazione digitale delle trasformazioni urbane e degli edifici (II livello)'),
	(566,'Master Universitario in Case Manager in cure primarie avanzate (I livello)'),
	(567,'Master Universitario  in Chirurgia orale e parodontologia - avanzato (II livello - biennale)'),
	(568,'Master Universitario in Management per Funzioni di Coordinamento delle Professioni Sanitarie – Sede di Vicenza (I livello)'),
	(569,'Master Universitario in Management per Funzioni di Coordinamento delle Professioni Sanitarie – Sede di Trento (I livello)'),
	(570,'Master Universitario in Nursing avanzato in area critica (I livello)'),
	(571,'Master Universitario in Pratica clinica basata sulle prove di efficacia: Evidence Based Practice e Health Technology Assessment, e loro insegnamento - Sede di Trento (II livello)'),
	(572,'Master Universitario in Infanzia e movimento: lo sviluppo da 0 a 6 anni (I Livello)'),
	(573,'Master Universitario in Multiculturalità e lavoro sociale con famiglie problematiche e minori (I livello - Interdipartimentale)'),
	(574,'Corso di Perfezionamento e di Aggiornamento professionale in Marketing del vino'),
	(575,'Corso di Perfezionamento in Middle manager commerciale. Guidare i collaboratori all’interno dell’azienda e nella struttura di vendita'),
	(576,'Corso di Perfezionamento e di Aggiornamento professionale in Concordato preventivo e Fallimentare'),
	(577,'Corso di Perfezionamento e di Aggiornamento professionale in Consulenza del lavoro –  Lavori in corso 2'),
	(578,'Corso di Perfezionamento e di Aggiornamento professionale in I nuovi strumenti della contabilità degli enti locali. Novità legislative e riflessioni sulle prassi'),
	(579,'Corso di Perfezionamento e di Aggiornamento professionale in Journalism in the Digital Age - Summer School'),
	(580,'Corso di Perfezionamento e di Aggiornamento professionale in Costruire l’antirazzismo'),
	(581,'Corso di Perfezionamento e di Aggiornamento professionale in Stimolazione cognitiva ed intervento educativo per la persona anziana'),
	(582,'Corso di Perfezionamento in Case management nelle cure primarie'),
	(583,'Corso di Perfezionamento in Gestione dei sintomi con approccio palliativo e cure di fine vita in ambito domiciliare'),
	(584,'Corso di Perfezionamento in Gestione assistenziale dei problemi socio sanitari nelle cure primarie'),
	(585,'Corso di Perfezionamento in Revisioni sistematiche e metanalisi per la produzione di linee guida evidence-based in ambito sanitario metodo cochrane'),
	(586,'Corso di Perfezionamento in Trattamento del tabagismo'),
	(587,'Corso di Perfezionamento e di Aggiornamento professionale in Gestione dei disturbi cognitivi nel paziente con disabilità neurologica'),
	(588,'Corso di Perfezionamento e di Aggiornamento professionale in Nuova figura professionale – promotore della mobilità ciclistica'),
	(589,'Corso di Preparazione alla professione di Dottore commercialista e alla funzione di Revisore contabile'),
	(590,'Corso di perfezionamento e di aggiornamento professionale in Tecnica e didattica del Nordic Walking'),
	(591,'Master Universitario di I livello in Apprendimento, lavoro e sviluppo organizzativo'),
	(592,'Master universitario di I livello in Progettare, insegnare e valutare per competenze'),
	(593,'Master Universitario di I livello in Dirigenza nei CFP'),
	(594,'Master Universitario di I livello in Antropologia, cristianesimo e religioni nell''IeFP'),
	(595,'Corso di perfezionamento e di aggiornamento professionale in Didattiche innovative ed efficaci per il docente/formatore – formazione iniziale'),
	(596,'Corso di Perfezionamento e aggiornamento professionale in Contemporary English Pronunciation: From the theory to practice'),
	(597,'Corso di perfezionamento e di aggiornamento professionale in Ortoepia per Giornalisti Radiotelevisivi: corso pratico di pronuncia italiana.'),
	(598,'Master Universitario in Igiene dentale e prevenzione delle patologie orali in odontostomatologia pediatrica (I livello)'),
	(599,'Master Universitario in Odontostomatologia pediatrica (II livello)'),
	(600,'Master Universitario in Traumatologia dentale pediatrica (II livello)'),
	(601,'Corso di perfezionamento e di aggiornamento professionale in Didattiche innovative ed efficaci per il docente/formatore – formazione continua'),
	(602,'Laurea in Igiene dentale (Verona) (abilitante alla professione sanitaria di Igienista dentale) D.M. 270/04'),
	(603,'Laurea in Tecnica della riabilitazione psichiatrica (Verona) (abilitante alla professione sanitaria di Tecnico della riabilitazione psichiatrica) D.M. 270/04'),
	(604,'Laurea magistrale interateneo in Scienze e tecnologie dei Bio e Nanomateriali'),
	(605,'Master Universitario in Editoria: Progettazione e Management (I livello)'),
	(606,'Master Universitario in Consulenza Filosofica di Trasformazione (II livello)'),
	(607,'Corso di Perfezionamento e di Aggiornamento professionale in Consulenza del lavoro - Sede di Vicenza'),
	(608,'Corso di Perfezionamento e di Aggiornamento professionale in Consulenza del lavoro - Sede di Verona'),
	(609,'Corso di perfezionamento e di aggiornamento professionale in Diritto Agroalimentare transnazionale e comparato'),
	(610,'Corso di perfezionamento in International Commercial Contracts – Summer School'),
	(611,'Corso di perfezionamento e di aggiornamento professionale in Tecniche di comunicazione aziendale – Event Management 3.0'),
	(612,'Corso di Perfezionamento in I Documenti Digitali e gli strumenti per gestirli e conservarli'),
	(613,'Corso di perfezionamento e di aggiornamento professionale in Affrontare la morte ed elaborare il lutto'),
	(614,'Corso di perfezionamento e di aggiornamento professionale in Dizione Italiana'),
	(615,'Master Universitario in Educazione Psicomotoria inclusiva per l’infanzia (I livello )'),
	(616,'Master Universitario in Case Manager di cure primarie e palliative  - Sede di Trento (I Livello)'),
	(617,'Master Universitario in Formazione del tecnico nazionale di nordic walking (I Livello)'),
	(618,'Master Universitario in Management sanitario nelle reti dell''assistenza integrata (II Livello)'),
	(619,'Corso di perfezionamento e di aggiornamento professionale in Attività motorie per l''infanzia 0-6 anni: progettazione e ricerca'),
	(620,'Corso di Perfezionamento e di Aggiornamento professionale in Tecnico ortopedico'),
	(621,'Corso di Perfezionamento in Modelli organizzativi dell''assistenza infermieristica (riservato a coordinatori delle professioni sanitarie)'),
	(622,'Corso di Perfezionamento in Gestione delle risorse e sviluppo delle competenze professionali (riservato a coordinatori delle professioni sanitarie)'),
	(623,'Corso di Perf. e di Agg. prof.le in Procedure e strumenti di valutazione di esito degli interventi educativi e di servizio sociale sui minori: implicazioni per la medicina ed i servizi socio-sanitari interessati nella tutela e prevenzione'),
	(624,'Dottorato in Biotecnologie'),
	(625,'Dottorato in Scienze Giuridiche Europee ed Internazionali'),
	(626,'Dottorato in Medicina Biomolecolare'),
	(627,'Dottorato in Infiammazione, Immunità e Cancro'),
	(628,'Dottorato in Nanoscienze e Tecnologie Avanzate'),
	(629,'Dottorato in Studi Filologici, Letterari e Linguistici'),
	(630,'Dottorato in Scienze Umane'),
	(631,'Dottorato in Lingue, Letterature e Culture Straniere Moderne'),
	(632,'Dottorato in Neuroscienze, Scienze Psicologiche e Psichiatriche'),
	(633,'Dottorato in Scienze Biomediche Cliniche e Sperimentali'),
	(634,'Dottorato in Scienze Applicate della Vita e della Salute'),
	(635,'Dottorato in Informatica'),
	(636,'Dottorato in Scienze Cardiovascolari'),
	(637,'Dottorato in Economia e Management'),
	(638,'Corso di perfezionamento e di aggiornamento professionale in Progettare ambienti di apprendimento'),
	(639,'Corso di perfezionamento e di aggiornamento professionale in Ripensare l''orientamento'),
	(640,'Master Universitario di I livello in Management e qualità della Filiera Agroalimentare (Interateneo - Sede amministrativa Università di Palermo)'),
	(641,'Corso di perfezionamento e aggiornamento professionale in Project Management: dal progetto al business a.a. 2013/2014'),
	(642,'PAS A017 - Discipline Economico-Aziendali'),
	(643,'PAS A019 - Discipline giuridiche ed economiche'),
	(644,'PAS A042 - Informatica'),
	(645,'PAS C300 - Laboratorio di Informatica Gestionale'),
	(646,'PAS A029 - Educazione fisica negli istituti e scuole di istruzione secondaria II grado'),
	(647,'PAS A030 - Scienze motorie e sportive'),
	(648,'PAS A059 - Matematica e Scienze nella Scuola Secondaria di I grado'),
	(649,'PAS A043 - Italiano, Storia e Geografia nella Scuola Secondaria di I grado'),
	(650,'PAS A050 - Materie Letterarie negli istituti di II grado'),
	(651,'PAS A052 - Materie Letterarie, Latino e Greco nel Liceo Classico'),
	(652,'PAS A245 - Lingua Straniera (Francese)'),
	(653,'PAS A345 - Lingua Straniera (Inglese)'),
	(654,'PAS A445 - Lingua Straniera (Spagnolo)'),
	(655,'PAS A545 - Lingua Straniera (Tedesco)');





  INSERT INTO dipartimenti (id, rss_link, nome, url, id_uni, dipartimenti_id)
  VALUES
  	(30,'http://www.di.univr.it/?ent=avviso&dest=165&rss=0','Informatica','http://www.di.univr.it',30,1),
  	(31,'http://www.dsg.univr.it/?ent=avviso&dest=184&rss=0','Scienze Giuridiche','http://www.dsg.univr.it',31,2),
  	(32,'http://www.dsnm.univr.it/?ent=avviso&dest=200&rss=0','Scienze Neurologiche e del Movimento','http://www.dsnm.univr.it',32,3),
  	(33,'http://www.dtesis.univr.it/?ent=avviso&dest=232&rss=0','Culture e Civiltà','http://www.dtesis.univr.it',33,4),
  	(34,'http://www.dbt.univr.it/?ent=avviso&dest=171&rss=0','Biotecnologie','http://www.dbt.univr.it',34,5),
  	(35,'http://www.dc.univr.it/?ent=avviso&dest=212&rss=0','Chirurgia','http://www.dc.univr.it',35,6),
  	(36,'http://www.dea.univr.it/?ent=avviso&dest=179&rss=0','Economia Aziendale','http://www.dea.univr.it',36,7),
  	(37,'http://www.dfpp.univr.it/?ent=avviso&dest=222&rss=0','Filosofia, Pedagogia e Psicologia','http://www.dfpp.univr.it',37,8),
  	(38,'http://www.dlls.univr.it/?ent=avviso&dest=227&rss=0','Lingue e Letterature Straniere','http://www.dlls.univr.it',38,9),
  	(39,'http://www.dspmc.univr.it/?ent=avviso&dest=217&rss=0','Sanità Pubblica e Medicina di Comunità','http://www.dspmc.univr.it',39,10),
  	(40,'','Scienze della Vita e della Riproduzione','http://www.dsvr.univr.it',40,NULL),
  	(41,'http://www.dse.univr.it/?ent=avviso&dest=175&rss=0','Scienze Economiche','http://www.dse.univr.it',41,11),
  	(42,'','Patologia e Diagnostica','http://www.dpd.univr.it',42,NULL),
  	(43,'http://www.dm.univr.it/?ent=avviso&dest=207&rss=0','Medicina','http://www.dm.univr.it',43,12),
  	(44,'http://www.dfll.univr.it/?ent=avviso&dest=237&rss=0','Filologia, Letteratura e Linguistica','http://www.dfll.univr.it',44,13);



INSERT INTO corsi_dipart (id, corsi_id, dipart_id)
VALUES
	(458,1,30),
	(442,2,34),
	(438,3,30),
	(353,4,30),
	(352,5,30),
	(349,6,34),
	(469,7,34),
	(358,8,30),
	(357,9,30),
	(356,10,34),
	(456,11,31),
	(454,11,36),
	(455,11,41),
	(304,12,41),
	(306,13,41),
	(390,14,31),
	(389,14,36),
	(388,14,41),
	(385,15,31),
	(301,15,36),
	(384,15,41),
	(445,16,31),
	(443,16,36),
	(444,16,41),
	(375,17,31),
	(299,17,36),
	(374,17,41),
	(383,18,31),
	(298,18,36),
	(382,18,41),
	(450,19,31),
	(448,19,36),
	(449,19,41),
	(447,22,36),
	(446,22,41),
	(453,23,31),
	(452,23,36),
	(451,23,41),
	(437,24,31),
	(435,24,36),
	(436,24,41),
	(434,25,31),
	(433,25,36),
	(432,25,41),
	(473,26,31),
	(472,26,36),
	(471,26,41),
	(475,27,36),
	(474,27,41),
	(310,29,36),
	(478,30,31),
	(476,30,36),
	(477,30,41),
	(481,32,31),
	(480,32,36),
	(479,32,41),
	(486,33,36),
	(485,33,41),
	(483,34,36),
	(484,34,41),
	(196,37,36),
	(409,38,31),
	(343,38,33),
	(344,39,37),
	(410,40,33),
	(345,40,37),
	(413,41,33),
	(347,41,37),
	(348,43,33),
	(468,44,33),
	(467,44,37),
	(320,45,31),
	(319,46,31),
	(511,47,31),
	(457,52,31),
	(402,55,31),
	(404,57,33),
	(324,57,44),
	(322,58,33),
	(364,58,44),
	(367,59,33),
	(365,59,44),
	(405,60,33),
	(323,60,37),
	(482,61,44),
	(326,62,44),
	(327,63,37),
	(328,64,33),
	(491,65,33),
	(488,66,33),
	(470,67,38),
	(338,68,38),
	(339,69,38),
	(335,70,38),
	(369,71,33),
	(337,71,38),
	(466,94,32),
	(340,97,38),
	(406,98,38),
	(342,98,44),
	(403,107,31),
	(115,108,30),
	(143,109,44),
	(135,110,41),
	(387,112,31),
	(302,112,36),
	(386,112,41),
	(377,113,31),
	(376,113,36),
	(305,113,41),
	(381,114,31),
	(380,114,36),
	(303,114,41),
	(333,115,44),
	(332,116,44),
	(330,117,33),
	(361,118,32),
	(411,120,33),
	(346,120,37),
	(359,121,34),
	(169,126,41),
	(137,130,33),
	(172,141,36),
	(379,144,31),
	(300,144,36),
	(378,144,41),
	(371,145,31),
	(297,145,36),
	(370,145,41),
	(392,146,31),
	(391,146,36),
	(312,146,41),
	(396,147,36),
	(308,147,41),
	(399,148,31),
	(397,148,36),
	(398,148,41),
	(394,149,31),
	(393,149,36),
	(313,149,41),
	(401,150,36),
	(307,150,41),
	(314,151,36),
	(400,151,41),
	(311,152,41),
	(465,153,32),
	(156,154,37),
	(117,157,31),
	(118,158,31),
	(119,159,31),
	(140,161,33),
	(139,162,33),
	(141,163,33),
	(133,165,37),
	(145,166,43),
	(142,167,44),
	(128,171,39),
	(132,172,37),
	(131,174,37),
	(130,177,38),
	(187,180,35),
	(121,181,36),
	(149,185,42),
	(153,186,32),
	(351,187,30),
	(151,190,42),
	(355,192,30),
	(336,193,38),
	(487,200,33),
	(495,201,36),
	(329,206,33),
	(134,210,41),
	(492,216,36),
	(464,217,33),
	(463,217,37),
	(494,218,33),
	(493,218,37),
	(148,219,43),
	(127,220,35),
	(126,223,39),
	(122,224,34),
	(439,238,33),
	(440,238,37),
	(395,267,36),
	(309,267,41),
	(407,268,36),
	(341,268,38),
	(360,269,32),
	(350,270,30),
	(414,270,34),
	(334,271,38),
	(317,272,31),
	(318,273,31),
	(238,274,31),
	(412,275,37),
	(186,281,39),
	(550,288,37),
	(460,289,33),
	(459,289,44),
	(129,290,38),
	(124,291,40),
	(147,292,43),
	(150,293,42),
	(152,294,32),
	(154,295,32),
	(125,296,35),
	(120,297,34),
	(136,298,41),
	(555,300,40),
	(462,301,33),
	(461,301,44),
	(321,308,31),
	(354,309,34),
	(362,310,32),
	(181,319,39),
	(430,331,39),
	(202,332,36),
	(185,336,39),
	(280,338,33),
	(242,338,44),
	(279,339,33),
	(241,339,37),
	(240,340,33),
	(363,340,44),
	(269,341,32),
	(249,343,38),
	(191,345,35),
	(166,349,34),
	(283,350,33),
	(250,350,38),
	(251,351,38),
	(368,356,33),
	(281,356,44),
	(296,359,31),
	(255,359,33),
	(287,360,33),
	(257,360,37),
	(256,361,37),
	(244,363,44),
	(245,364,37),
	(246,365,33),
	(331,367,33),
	(248,368,44),
	(489,370,37),
	(292,375,31),
	(230,375,36),
	(272,375,41),
	(293,376,31),
	(273,376,36),
	(231,376,41),
	(417,377,31),
	(415,377,36),
	(416,377,41),
	(420,378,31),
	(419,378,36),
	(418,378,41),
	(294,379,31),
	(276,379,36),
	(235,379,41),
	(234,380,41),
	(233,381,36),
	(275,381,41),
	(295,382,31),
	(236,382,36),
	(277,382,41),
	(237,383,36),
	(278,383,41),
	(274,384,36),
	(232,384,41),
	(260,385,34),
	(263,386,34),
	(265,388,34),
	(267,389,30),
	(239,390,31),
	(252,391,38),
	(284,392,36),
	(253,392,38),
	(285,394,38),
	(254,394,44),
	(184,405,37),
	(116,406,30),
	(518,410,32),
	(497,414,39),
	(266,417,30),
	(264,418,30),
	(261,419,30),
	(290,419,34),
	(262,420,30),
	(123,460,34),
	(155,467,37),
	(496,468,39),
	(291,489,30),
	(268,489,34),
	(258,490,37),
	(259,491,33),
	(373,492,37),
	(270,493,32),
	(171,494,36),
	(160,496,37),
	(176,500,35),
	(177,501,35),
	(178,502,39),
	(159,505,37),
	(158,506,37),
	(499,507,37),
	(164,513,36),
	(218,518,39),
	(219,519,39),
	(220,520,32),
	(490,523,36),
	(538,524,32),
	(161,525,31),
	(162,526,31),
	(195,527,36),
	(163,528,31),
	(165,529,31),
	(167,530,33),
	(513,532,39),
	(179,533,43),
	(514,534,43),
	(173,535,37),
	(188,537,32),
	(271,538,32),
	(200,539,36),
	(199,540,36),
	(205,542,31),
	(206,543,31),
	(209,544,38),
	(217,545,32),
	(247,550,33),
	(431,551,37),
	(198,552,31),
	(424,553,37),
	(541,554,36),
	(542,555,31),
	(543,556,32),
	(428,557,30),
	(544,558,44),
	(545,559,38),
	(546,560,38),
	(547,561,38),
	(548,562,38),
	(372,563,33),
	(523,564,36),
	(174,565,33),
	(175,566,39),
	(180,567,35),
	(182,568,39),
	(183,569,39),
	(189,570,35),
	(190,571,35),
	(192,572,39),
	(194,573,31),
	(197,574,36),
	(201,575,36),
	(203,576,31),
	(204,577,31),
	(207,578,31),
	(208,579,38),
	(210,580,37),
	(211,581,37),
	(212,582,39),
	(213,583,39),
	(214,584,39),
	(215,585,39),
	(216,586,39),
	(221,587,32),
	(222,588,32),
	(223,589,36),
	(224,590,32),
	(225,591,37),
	(226,592,37),
	(227,593,37),
	(228,594,37),
	(421,595,37),
	(422,596,38),
	(423,597,38),
	(426,598,35),
	(425,599,35),
	(427,600,35),
	(429,601,37),
	(498,604,34),
	(500,605,33),
	(501,606,37),
	(502,607,31),
	(503,608,31),
	(504,609,31),
	(505,610,31),
	(506,611,36),
	(507,612,33),
	(508,613,33),
	(509,614,38),
	(510,615,37),
	(554,616,35),
	(515,617,32),
	(516,618,39),
	(517,619,39),
	(519,620,43),
	(520,621,39),
	(521,622,39),
	(539,623,37),
	(540,623,40),
	(524,624,34),
	(525,625,31),
	(526,626,43),
	(527,627,42),
	(528,628,39),
	(529,629,44),
	(530,630,37),
	(531,631,38),
	(532,632,32),
	(533,633,43),
	(534,634,40),
	(535,635,30),
	(536,636,35),
	(537,637,41),
	(549,638,37),
	(551,639,37),
	(552,640,36),
	(553,641,41),
	(556,642,36),
	(557,643,31),
	(558,644,30),
	(559,645,30),
	(560,646,32),
	(561,647,32),
	(562,648,30),
	(564,648,34),
	(565,649,33),
	(563,649,44),
	(567,650,33),
	(566,650,44),
	(569,651,33),
	(568,651,44),
	(570,652,38),
	(571,653,38),
	(572,654,38),
	(573,655,38);


-- Dump of table insegnamenti
-- ------------------------------------------------------------

INSERT INTO insegnamenti (id, corsi_id, nome, name)
VALUES
	(1,4,'Analisi dei sistemi informatici','Analysis of information systems'),
	(2,4,'Fondamenti','Foundations of Computing'),
	(3,4,'Logica','Logic'),
	(4,4,'Progettazione di sistemi embedded','Embedded systems design'),
	(5,4,'Sistemi','System theory'),
	(6,4,'Sistemi informativi','Informational Systems'),
	(7,4,'Analisi statica e protezione','Static analysis and code protection'),
	(8,4,'Crittografia','Cryptography'),
	(9,4,'Robotica','Robotics'),
	(10,2,'Ingegneria del Software','Software Engineering'),
	(11,4,'Sistemi avanzati per il riconoscimento','Advanced recognition systems'),
	(12,4,'Sistemi operativi avanzati','Advanced Operating Systems	'),
	(13,4,'Software per sistemi embedded','Design automation of embedded systems'),
	(14,4,'Analisi di immagini e dati volumetrici','Image and volume data analysis'),
	(15,4,'Modelli di calcolo non convenzionale','Non-conventional Calculation Methods'),
	(16,4,'Sistemi di elaborazione di grandi quantita'' di dati','Data-intensive computing systems'),
	(17,4,'Visione computazionale','Computer Vision'),
	(18,4,'Algoritmi','Algorithms'),
	(19,4,'Architetture avanzate','Advanced computer architecture'),
	(20,4,'Codice malevolo','Malware'),
	(21,4,'Sicurezza delle reti','Network security'),
	(22,4,'Sistemi embedded di rete','Networked embedded systems'),
	(23,4,'Teorie e tecniche del riconoscimento','Pattern Recognition'),
	(24,4,'Basi di dati avanzate','Advanced Data Base Systems'),
	(25,4,'Intelligenza artificiale','Artificial Intelligence'),
	(26,4,'Interazione uomo macchina','Human-computer Interaction'),
	(27,4,'Organizzazione aziendale','Organization Theory, Bahavior and Design'),
	(28,4,'Robotica avanzata','Advanced Robotics'),
	(29,4,'Web semantico','Semantic web'),
	(30,4,'Sfide di programmazione	','Programming challanges'),
	(31,4,'Verifica automatica di sistemi','Automated System Verification'),
	(32,2,'Matematica discreta','Discrete Mathematics');


-- Dump of table users_insegnamenti
-- ------------------------------------------------------------

-- INSERT INTO users_insegnamenti (id, users_id, insegnamenti_id)
-- VALUES
-- 	(57,6,32),
-- 	(58,6,2),
-- 	(59,6,3),
-- 	(60,6,4),
-- 	(61,6,5),
-- 	(62,6,12),
-- 	(63,6,13),
-- 	(64,6,16),
-- 	(65,6,18),
-- 	(66,6,19),
-- 	(67,6,21),
-- 	(68,6,22),
-- 	(69,6,25),
-- 	(70,6,27),
-- 	(71,6,30),
-- 	(72,6,31),
-- 	(73,7,32),
-- 	(76,10,32);


INSERT INTO users_corsi(users_id, corsi_id)
VALUES
(6, 420),
(7, 417);

INSERT INTO users_dipart(users_id, dipart_id)
VALUES
(8, 30),
(6, 30),
(10,30),
(11, 31);
